{
  "Borrow": [

    {
      "name" : "Loan On Phone (LOP)",
      "platform" : "Angular",
      "detail" : "Instant loan, on the basis of un-used credit limit of the customer",
      "video" : "LOP"
    },

    {
      "name" : "EPP transaction (unbilled)",
      "platform" : "Angular",
      "detail" : "Capability to convert a set of transactions to be paid through equal payment plan.",
      "video" : "EPPUnbilled"
    },
    {
      "name" : "EPP transaction (billed)",
      "platform" : "Angular",
      "detail" : "Capability to convert statement amount to be paid through equal payment plan.",
      "video" : "EPPBilled"
    }

  ]

}