{
  "Enable" : [
     {
      "name" : "Card Block / Unblock",
      "platform" : "Angular",
      "detail" : "To block / unblock credit card in case of lost or stolen",
      "video" : "CardLockUnlock"
    },
    {
      "name" : "Push Notification",
      "platform" : "Angular",
      "detail" : "Lists all Push Notification messages of Alerts, Notifications & Promotional Offers",
      "video" : ""
    },
    {
      "name" : "Reset ATM/Credit Card PIN",
      "platform" : "Angular",
      "detail" : "Create request to reset ATM/Debit Card PIN or Credit Card PIN",
      "video" : "ATMPINReset"
    },
     {
      "name" : "Activate/Deactivate Cards",
      "platform" : "Angular",
      "detail" : "Create request to activate / deactivate cards",
       "video" : ""
    },
    {
      "name" : "Temporary Credit limit increase",
      "platform" : "Hybrid",
      "detail" : "Request temporary credit limit increase for credit cards.",
      "video" : ""
    },
    {
      "name" : "Locate ATMs & Branches",
      "platform" : "Hybrid",
      "detail" : "Using location services, find out nearby Citi ATMs and Branches.",
      "video" : ""
    },
    {
      "name" : "Live Chat",
      "platform" : "Native with external support",
      "detail" : "As part of VRE program, live chat is enabled for both audio / video support.",
      "video" : ""
    },
     {
      "name" : "App Diagnostics",
      "platform" : "Native",
      "detail" : "Collect Diagnostic information for improvement/optimization",
       "video" : ""
    },
     {
      "name" : "Demographics Update",
      "platform" : "Angular",
      "detail" : "Mailing address, phone and eMail update",
       "video" : ""
    },
    {
      "name" : "Overseas Card Activation",
      "platform" : "Angular",
      "detail" : "Enable card for overseas swipe transactions",
      "video" : "OverseasUsage"
    },
    {
      "name" : "Contactless Limit Setup",
      "platform" : "Angular",
      "detail" : "Setup up transaction limit for contactless payments",
      "video" : ""
    }
]
}