{
  "Identify": [
    {
      "name": "Login with User Id/Password",
      "platform": "Native",
      "detail": "Facilitate customer to login with User Id / Password. Authentication/Authorization managed through CCS (Customer Credential Store) system.",
      "video" : ""
    },
    {
      "name": "Enhanced Biometrics Login",
      "platform": "Native",
      "detail": "Allows customer to login with their Biometrics such as Touch Id, Face ID on iOS & Finger print on Android devices.",
      "video" : ""
    },
     {
      "name": "Retrieve User Id",
      "platform": "Native",
      "detail": "Retrieve User Id by re-validating card details",
       "video" : ""
    },
     {
      "name": "Password Reset",
      "platform": "Native",
      "detail": "Reset password securely using card details and MFA",
       "video" : ""
    },
     {
      "name": "Customer Digital Registration",
      "platform": "Native",
      "detail": "Create new user id based on availibility and set new password.",
       "video" : ""
    },
     {
      "name": "MFA : Transaction Signing",
      "platform": "Angular",
      "detail": "This section will list all details about Enhanced Biometric",
       "video" : ""
    },
     {
      "name": "MFA : Digipass",
      "platform": "Native",
      "detail": "Allows customer to perform 2-factor authentication with soft token generated on registered device, without a need of network",
       "video" : ""
    },
     {
      "name": "MFA : SMS",
      "platform": "Hybrid",
      "detail": "2-factor authentication by SMS OTP sent on registered device.",
       "video" : ""

  }
    ]
}