{
  "Information" : [
     {
      "name" : "Accounts Dashboard",
      "platform" : "Native / Angular",
      "detail" : "Account summary - containing checking, saving, credit card, investments information",
      "video" : "AppOverview"
    },
    {
      "name" : "Basic Account Details",
      "platform" : "Native",
      "detail" : "This section will list all details about Account Details",
      "video" : ""
    },
     {
      "name" : "Account Activities",
      "platform" : "Native",
      "detail" : "This section will list all details about Account Activities",
       "video" : ""
    },
     {
      "name" : "Credit Card Dashboard",
      "platform" : "Angular",
      "detail" : "Summary of all the credit cards - current balance, credit limit, recent transactions and e-statements",
       "video" : ""
    },
     {
      "name" : "Credit Card Transactions",
      "platform" : "Angular",
      "detail" : "Shows both Billed & Unbilled transactions of last 90 days.",
       "video" : ""
    },
     {
      "name" : "Rewards Summary",
      "platform" : "Native/Angular",
      "detail" : "Rewards points, targetted offers, card specific offers",
      "video" : "RewardsOffers"
    },
     {
      "name" : "Loan Account Summary",
      "platform" : "Native",
      "detail" : "Loan Account summary and details",
       "video" : ""
    },
     {
      "name" : "Time Deposit Summary",
      "platform" : "Native",
      "detail" : "Time Deposit account details",
       "video" : ""
    },
     {
      "name" : "Holding Details",
      "platform" : "Native",
      "detail" : "Security Holding details",
       "video" : ""
    },
     {
      "name" : "Terms and Conditions",
      "platform" : "Native",
      "detail" : "Render latest terms and conditions for customers.",
       "video" : ""
    },
     {
      "name" : "e-Statement Summary",
      "platform" : "Native / Angular",
      "detail" : "View e-statements consolidated, bank only or card only statements available and PDF download",
      "video" : "Stmt"
    }

    ]
}