{
  "Invest": [
    {
      "name": "Segmentation offer driven",
      "platform": "Native/Angular",
      "detail": "Segmentation proposition by tracking customer's TRP on a daily basis & enticing him with offers to invest and nudge to higher segments.",
      "video": "SegmentCOPS"
    },
    {
      "name": "Segment upgrade",
      "platform": "Native",
      "detail": "Segmentation provides unique customer journey across segments Citi private client, Citigold, Citi priority and blue customers.",
      "video": "SegmentOBUG"
    },
    {
      "name": "Segment downgrade",
      "platform": "Native",
      "detail": "Segmentation provides unique customer journey across segments Citi private client, Citigold, Citi priority and blue customers.",
      "video": "SegmentOBDG"
    },
    {
      "name": "Risk Profiling",
      "platform": "Native/Angular",
      "detail": "Evaluates risk rating for customer and drives investment product recommentation by citibank.",
      "video": "RiskProfile"
    },
    {
      "name": "Knowledge & Experience",
      "platform": "Native/Angular",
      "detail": "Assess customer's K & E before selling certain investment products.",
      "video": "K_E"
    },
    {
      "name": "Customer knowledge assessment",
      "platform": "Native/Angular",
      "detail": "Evaluates customer awareness about product features & risks involved based on academics, employment and investment experience.",
      "video": "CKA"
    },
    {
      "name": "Global Wallet",
      "platform": "Native/Angular",
      "detail": "Multi currency wallet linked to debit card allowing customer to transact overseas without incurring additional charges.",
      "video" : ""
    }
  ]}
