{
  "MVP": [{
    "backgroundColor": "66545E",
    "foregroundColor": "000000",
    "ftrBGColor": "66545E",
    "ftrFGColor": "FFFFFF",
    "icon": "Borrow",
    "title": "Borrow"
  },
    {
      "backgroundColor": "A39193",
      "foregroundColor": "000000",
      "ftrBGColor": "A39193",
      "ftrFGColor": "FFFFFF",
      "icon": "Invest",
      "title": "Invest"
    },
    {
      "backgroundColor": "AA6F73",
      "foregroundColor": "000000",
      "ftrBGColor": "AA6F73",
      "ftrFGColor": "FFFFFF",
      "icon": "Information",
      "title": "Information"
    },
    {
      "backgroundColor": "B3E5FC",
      "foregroundColor": "000000",
      "ftrBGColor": "B3E5FC",
      "ftrFGColor": "373D3F",
      "icon": "Transactions",
      "title": "Pay"
    },
    {
      "backgroundColor": "EEA990",
      "foregroundColor": "000000",
      "ftrBGColor": "EEA990",
      "ftrFGColor": "FFFFFF",
      "icon": "Security",
      "title": "Identify"
    },
    {
      "backgroundColor": "F6E0B5",
      "foregroundColor": "000000",
      "ftrBGColor": "F6E0B5",
      "ftrFGColor": "373D3F",
      "icon": "Services",
      "title": "Enable"
    }
  ]
}