{
  "Pay": [
{
      "name": "Pay your Card",
      "platform": "Native / Angular",
      "detail": "Pay to own Citibank credit cards and any other local bank cards.",
      "video": "PayCard"
    },
     {
      "name": "Pay your Bills",
      "platform": "Native / Angular",
      "detail": "Payment to local merchants",
      "video": "PayBill"
    },
    {
      "name": "Pay your Loans",
      "platform": "Native",
      "detail": "Repay loans and credit lines, for both secured and unsecured loans for retail customer",
      "video": "PayLoan"
    },
    {
      "name": "Transfer to own accounts",
      "platform": "Native",
      "detail": "Transfer funds between own Accounts",
      "video": "TBOA"
    },
    {
      "name": "Transfer to someone else",
      "platform": "Native",
      "detail": "Instant fund transfers within Citi or outside Citi. Destination account can be either registered or adhoc",
      "video": "P2PDomestic"
    },
     {
      "name": "Pay With Points",
      "platform": "Angular",
      "detail": "Paying credit card transactions with the reward points earned",
      "video": "PWP"
    },
    {
      "name": "International Transfers",
      "platform": "Native",
      "detail": "International Transfers across the world with competing foreign exchange rates.",
      "video" : ""
    },
    {
      "name": "P2P payments",
      "platform": "Native",
      "detail": "Paynow is one form of payment to subscribed payees using their phone, nric and UEN for merchants in Singapore",
      "video": "PayNow"
    },
    {
      "name": "Scan and Pay QR Code",
      "platform": "Angular",
      "detail": "Scan QR code and do payment based on the information embedded in QR Code",
      "video" : ""
    }

    ]
}